Country1,Country2
Afghanistan,Pakistan
Afghanistan,Iran
Afghanistan,Turkmenistan
Afghanistan,Uzbekistan
Afghanistan,Tajikstan
Afghanistan,China
Albania,Montengero
Albania,Kosovo
Albania,North Macedonia
Albania,Greece
Algeria,Tunisia
Algeria,Libya
Algeria,Niger
Algeria,Mali
Algeria,Mauritania
Algeria,Morocco
Algeria,Western Sahara
Andorra,France
Andorra,Spain
Angola,Democratic Republic of the Congo
Angola,Namibia
Angola,Zambia
Angola,Republic of the Congo
Argentina,Chile
Argentina,Paraguay
Argentina,Bolivia
Argentina,Uruguay
Armenia,Azerbaijan
Armenia,Georgia
Armenia,Turkey
Armenia,Iran
Austria,Germany
Austria,Cezch Republic
Austria,Italy
Austria,Slovenia
Austria,Hungary
Austria,Slovakia
Austria,Switzerland
Austria,Liechtenstein
Azerbaijan,Russia
Azerbaijan,Iran
Azerbaijan,Georgia
Azerbaijan,Armenia
Azerbaijan,Turkey
Bangladesh,India
Bangladesh,Myanmar
Belarus,Russia
Belarus,Ukraine
Belarus,Poland
Belarus,Lativa
Belarus,Lithuania
Belgium,Germany
Belgium,France
Belgium,Netherlands
Belgium,Luxembourg
Belize,Mexico
Belize,Guatemala
Benin,Togo
Benin,Nigeria
Benin,Burkina Faso
Benin,Niger
Bhutan,China
Bhutan,India
Bolivia,Brazil
Bolivia,Chile
Bolivia,Paraguay
Bolivia,Peru
Bolivia,Argentina
Bosnia and Herzegovina,Croatia
Bosnia and Herzegovina,Serbia
Bosnia and Herzegovina,Montengero
Botswana,South Africa
Botswana,Namibia
Botswana,Zimbabwe
Botswana,Zambia
Brazil,Paraguay
Brazil,Uruguay
Brazil,Bolivia
Brazil,Peru
Brazil,Colombia
Brazil,Venezuela
Brazil,Guyana
Brazil,Suriname
Brazil,French Guiana
Brazil,Argentina
Brunei,Malaysia
Bulgaria,Romania
Bulgaria,Turkey
Bulgaria,Serbia
Bulgaria,North Macedonia
Bulgaria,Greece
Burkina Faso,Mali
Burkina Faso,Niger
Burkina Faso,Benin
Burkina Faso,Ghana
Burkina Faso,Ivory Coast
Burkina Faso,Togo
Burma,India
Burma,China
Burma,Laos
Burma,Thailand
Burma,Bangladesh
Burundi,Rwanda
Burundi,Tanzania
Burundi,Democratic Republic of the Congo
Cambodia,Thailand
Cambodia,Laos
Cambodia,Vietnam
Cameroon,Nigeria
Cameroon,Chad
Cameroon,Central African Republic
Cameroon,Republic of the Congo
Cameroon,Gabon
Cameroon,Equatorial Guinea
Canada,United States
Central African Republic,Sudan
Central African Republic,Chad
Central African Republic,Cameroon
Central African Republic,Republic of the Congo
Central African Republic,Democratic Republic of the Congo
Central African Republic,South Sudan
Chad,Niger
Chad,Libya
Chad,Sudan
Chad,Central African Republic
Chad,Cameroon
Chad,Nigeria
Chile,Bolivia
Chile,Argentina
Chile,Peru
Colombia,Venezuela
Colombia,Brazil
Colombia,Peru
Colombia,Ecuador
Colombia,Panama
Costa Rica,Panama
Costa Rica,Nicaragua
Ivory Coast,Liberia
Ivory Coast,Guinea
Ivory Coast,Mali
Ivory Coast,Burkina Faso
Ivory Coast,Ghana
Croatia,Slovenia
Croatia,Hungary
Croatia,Serbia
Croatia,Bosnia and Herzegovnia
Croatia,Montenegro
Czechia,Germany
Czechia,Poland
Czechia,Slovakia
Czechia,Austria
Democratic Republic of the Congo,South Sudan
Democratic Republic of the Congo,Uganda
Democratic Republic of the Congo,Rwanda
Democratic Republic of the Congo,Republic of the Congo
Democratic Republic of the Congo,Angola
Democratic Republic of the Congo,Zambia
Democratic Republic of the Congo,Central African Republic
Democratic Republic of the Congo,Burundi
Democratic Republic of the Congo,Tanzania
Djibouti,Eritrea
Djibouti,Ethiopia
Djibouti,Somalia
Ecuador,Colombia
Ecuador,Peru
Egypt,Libya
Egypt,Sudan
Egypt,Gaza
Egypt,Israel
El Salvador,Honduras
El Salvador,Guatemala
Equatorial Guinea,Gabon
Equatorial Guinea,Cameroon
Eritrea,Sudan
Eritrea,Ethiopia
Eritrea,Djibouti
Estonia,Latvia
Estonia,Russia
Eswatini,South Africa
Eswatini,Mozambique
Ethiopia,Eritrea
Ethiopia,Sudan
Ethiopia,South Sudan
Ethiopia,Somalia
Ethiopia,Kenya
Ethiopia,Djibouti
Finland,Sweden
Finland,Norway
Finland,Russia
France,Germany
France,Belgium
France,Luxembourg
France,Switzerland
France,Italy
France,Andorra
France,Spain
French Guiana,Brazil
French Guiana,Suriname
Gabon,Cameroon
Gabon,Equatorial Guinea
Gabon,Republic of the Congo
Gaza,Israel
Gaza,Egypt
Georgia,Russia
Georgia,Azerbaijan
Georgia,Armenia
Georgia,Turkey
Germany,France
Germany,Netherlands
Germany,Belgium
Germany,Luxembourg
Germany,Switzerland
Germany,Austria
Germany,Czech Republic
Germany,Poland
Germany,Denmark
Ghana,Ivory Coast
Ghana,Burkina Faso
Ghana,Togo
Greece,Albania
Greece,North Macedonia
Greece,Bulgaria
Greece,Turkey
Guatemala,Belize
Guatemala,Mexico
Guatemala,Honduras
Guatemala,El Salvador
Guinea,Mali
Guinea,Senegal
Guinea,Sierra Leona
Guinea,Ivory Coast
Guinea,Liberia
Guinea,Guinea-Bissau
Guinea-Bissau,Senegal
Guinea-Bissau,Guinea
Guyana,Venezuela
Guyana,Suriname
Guyana,Brazil
Haiti,Dominican Republic
Honduras,Guatemala
Honduras,El Salvador
Honduras,Nicaragua
Hong Kong,China
Hungary,Serbia
Hungary,Romania
Hungary,Slovakia
Hungary,Ukraine
Hungary,Austria
Hungary,Croatia
Hungary,Slovenia
India,Pakistan
India,Nepal
India,Bangladesh
India,Bhutan
India,China
India,Myanmar
Indonesia,Malaysia
Indonesia,Timor-Leste
Indonesia,Papua New Guinea
Iran,Iraq
Iran,Turkmenistan
Iran,Afghanistan
Iran,Pakistan
Iran,Turkey
Iran,Armenia
Iraq,Iran
Iraq,Syria
Iraq,Turkey
Iraq,Saudi Arabia
Iraq,Kuwait
Iraq,Jordan
Ireland,United Kingdom
Israel,Lebanon
Israel,Syria
Israel,Egypt
Israel,Gaza
Israel,Jordan
Italy,France
Italy,Slovenia
Italy,Switzerland
Italy,Austria
Jordan,Syria
Jordan,Iraq
Jordan,Saudi Arabia
Jordan,Israel
Kazakhstan,Russia
Kazakhstan,Uzbekistan
Kazakhstan,Kyrgyzstan
Kazakhstan,China
Kazakhstan,Turkmenistan
Kenya,Uganda
Kenya,Ethiopia
Kenya,Tanzania
Kenya,South Sudan
Kenya,Somalia
Denmark,Germany
Kosovo,Albania
Kosovo,Serbia
Kosovo,Montengero
Kosovo,North Macedonia
Kuwait,Iraq
Kuwait,Saudi Arabia
Kyrgyzstan,Kazakhstan
Kyrgyzstan,Tajikistan
Kyrgyzstan,China
Kyrgyzstan,Uzbekistan
Laos,Thailand
Laos,Vietnam
Laos,Cambodia
Laos,Myanmar
Laos,China
Latvia,Belarus
Latvia,Russia
Latvia,Lithuania
Latvia,Estonia
Lebanon,Syria
Lebanon,Israel
Lesotho,South Africa
Liberia,Sierra Leone
Liberia,Guinea
Liberia,Ivory Coast
Libya,Egypt
Libya,Sudan
Libya,Niger
Libya,Algeria
Libya,Tunisia
Libya,Chad
Liechtenstein,Switzerland
Liechtenstein,Austria
Lithuania,Latvia
Lithuania,Russia
Lithuania,Poland
Lithuania,Belarus
Luxembourg,Belgium
Luxembourg,Germany
Luxembourg,France
Macau,China
China,Mongolia
China,Russia
China,Kazakhstan
China,Krygyzstan
China,Tajikstan
China,Pakistan
China,India
China,Nepal
China,Bhutan
China,Myanmar
China,Vietnam
China,North Korea
China,Afghanistan
China,Laos
Malawi,Zambia
Malawi,Tanzania
Malawi,Mozambique
Malaysia,Indonesia
Malaysia,Thailand
Malaysia,Brunei
Mali,Algeria
Mali,Niger
Mali,Burkina Faso
Mali,Ivory Coast
Mali,Guinea
Mali,Senegal
Mali,Mauritania
Mauritania,Senegal
Mauritania,Mali
Mauritania,Algeria
Mexico,United States
Mexico,Guatemala
Mexico,Belize
Moldova,Ukraine
Moldova,Romania
Mongolia,Russia
Mongolia,China
Montenegro,Albania
Montenegro,Kosovo
Montenegro,Serbia
Montenegro,Bosnia and Herzegovnia
Montenegro,Croatia
Morocco,Algeria
Mozambique,Tanzania
Mozambique,Malawi
Mozambique,Zimbabwe
Mozambique,Eswatini
Mozambique,Zambia
Mozambique,South Africa
Namibia,Angola
Namibia,Botswana
Namibia,South Africa
Namibia,Zambia
Nepal,India
Nepal,China
Netherlands,Germany
Netherlands,Belgium
Nicaragua,Honduras
Nicaragua,Costa Rica
Niger,Libya
Niger,Algeria
Niger,Mali
Niger,Nigeria
Niger,Chad
Niger,Burkina Faso
Niger,Benin
Nigeria,Chad
Nigeria,Niger
Nigeria,Cameroon
Nigeria,Benin
North Korea,South Korea
North Korea,Russia
North Korea,China
North Macedonia,Kosovo
North Macedonia,Serbia
North Macedonia,Bulgaria
North Macedonia,Albania
North Macedonia,Greece
Norway,Sweden
Norway,Finland
Norway,Russia
Oman,Saudi Arabia
Oman,Yemen
Oman,United Arab Emirates
Pakistan,Afghanistan
Pakistan,India
Pakistan,Iran
Pakistan,China
Panama,Costa Rica
Panama,Colombia
Papua New Guinea,Indonesia
Paraguay,Brazil
Paraguay,Argentina
Paraguay,Bolivia
Peru,Ecuador
Peru,Colombia
Peru,Bolivia
Peru,Brazil
Peru,Chile
Poland,Germany
Poland,Russia
Poland,Lithuania
Poland,Belarus
Poland,Ukraine
Poland,Slovakia
Poland,Czech Republic
Portugal,Spain
Qatar,Saudi Arabia
Republic of the Congo,Gabon
Republic of the Congo,Cameroon
Republic of the Congo,Central African Republic
Republic of the Congo,Angola
Republic of the Congo,Democratic Republic of the Congo
Romania,Moldova
Romania,Hungary
Romania,Serbia
Romania,Bulgaria
Romania,Ukraine
Russia,Kazakhstan
Russia,Mongolia
Russia,China
Russia,Finland
Russia,Belarus
Russia,Ukraine
Russia,Norway
Russia,Estonia
Russia,Latvia
Russia,North Korea
Russia,Georgia
Russia,Azerbaijan
Russia,Poland
Russia,Lithuania
Rwanda,Democratic Republic of the Congo
Rwanda,Burundi
Rwanda,Tanzania
Rwanda,Uganda
Saudi Arabia,United Arab Emirates
Saudi Arabia,Oman
Saudi Arabia,Iraq
Saudi Arabia,Jordan
Saudi Arabia,Yemen
Saudi Arabia,Kuwait
Saudi Arabia,Bahrain
Saudi Arabia,Qatar
Senegal,Mauritania
Senegal,Mali
Senegal,Guinea-Bissau
Senegal,Guinea
Serbia,Bosnia and Herzegovina
Serbia,Bulgaria
Serbia,Kosovo
Serbia,North Macedonia
Serbia,Montenegro
Serbia,Romania
Serbia,Croatia
Serbia,Hungary
Sierra Leone,Guinea
Sierra Leone,Liberia
Slovakia,Poland
Slovakia,Czech Republic
Slovakia,Hungary
Slovakia,Austria
Slovakia,Ukraine
Slovenia,Austria
Slovenia,Hungary
Slovenia,Croatia
Slovenia,Italy
Somalia,Ethiopia
Somalia,Kenya
Somalia,Djibouti
South Africa,Namibia
South Africa,Botswana
South Africa,Zimbabwe
South Africa,Mozambique
South Africa,Lesotho
South Africa,Eswatini
South Korea,North Korea
South Sudan,Ethiopia
South Sudan,Sudan
South Sudan,Uganda
South Sudan,Central African Republic
South Sudan,Democratic Republic of the Congo
South Sudan,Kenya
Spain,Portugal
Spain,France
Spain,Andorra
Sudan,Egypt
Sudan,Eritea
Sudan,Central African Republic
Sudan,South Sudan
Sudan,Ethiopia
Sudan,Chad
Sudan,Libya
Suriname,Guyana
Suriname,French Guiana
Suriname,Brazil
Sweden,Finland
Sweden,Norway
Switzerland,France
Switzerland,Germany
Switzerland,Austria
Switzerland,Italy
Switzerland,Liechtenstein
Syria,Turkey
Syria,Iraq
Syria,Jordan
Syria,Lebanon
Syria,Israel
Tajikistan,China
Tajikistan,Afghanistan
Tajikistan,Uzbekistan
Tajikistan,Krygyzstan
Tanzania,Kenya
Tanzania,Mozambique
Tanzania,Zambia
Tanzania,Burundi
Tanzania,Rwanda
Tanzania,Uganda
Tanzania,Malwai
Thailand,Laos
Thailand,Cambodia
Thailand,Myanmar
Thailand,Malaysia
The Gambia,Senegal
Timor-Leste,Indonesia
Togo,Ghana
Togo,Benin
Togo,Burkina Faso
Tunisia,Algeria
Tunisia,Libya
Turkey,Georgia
Turkey,Armenia
Turkey,Iran
Turkey,Iraq
Turkey,Syria
Turkey,Bulgaria
Turkey,Greece
Turkey,Azerbaijan
Turkmenistan,Uzbekistan
Turkmenistan,Afghanistan
Turkmenistan,Iran
Turkmenistan,Kazakhstan
Uganda,South Sudan
Uganda,Kenya
Uganda,Democratic Republic of the Congo
Uganda,Tanzania
Uganda,Rwanda
Ukraine,Russia
Ukraine,Belarus
Ukraine,Moldova
Ukraine,Poland
Ukraine,Slovakia
Ukraine,Hungary
United Arab Emirates,Saudi Arabia
United Arab Emirates,Oman
United Kingdom,Ireland
Uruguay,Brazil
Uruguay,Argentina
Uzbekistan,Kazakhstan
Uzbekistan,Turkemistan
Uzbekistan,Afghanistan
Uzbekistan,Tajikistan
Uzbekistan,Kyrgyzstan
Venezuela,Colombia
Venezuela,Guyana
Venezuela,Brazil
Vietnam,Cambodia
Vietnam,Laos
Vietnam,China
Yemen,Saudi Arabia
Yemen,Oman
Zambia,Democratic Republic of the Congo
Zambia,Tanzania
Zambia,Zimbabwe
Zambia,Botswana
Zambia,Malawi
Zambia,Angola
Zambia,Namibia
Zimbabwe,Zambia
Zimbabwe,Mozambique
Zimbabwe,South Africa
Zimbabwe,Botswana
